name	probe_name	x	y	z	hemisphere	impedance	shank_id	location
e000	probe 0	0.0	0.0	0.0	n/a	0.0	0	None
e001	probe 0	0.0	0.0	0.0	n/a	0.0	0	None
e002	probe 0	0.0	0.0	0.0	n/a	0.0	0	None
e003	probe 0	0.0	0.0	0.0	n/a	0.0	0	None
e004	probe 0	0.0	0.0	0.0	n/a	0.0	1	None
e005	probe 0	0.0	0.0	0.0	n/a	0.0	1	None
e006	probe 0	0.0	0.0	0.0	n/a	0.0	1	None
e007	probe 0	0.0	0.0	0.0	n/a	0.0	1	None
e008	probe 0	0.0	0.0	0.0	n/a	0.0	2	None
e009	probe 0	0.0	0.0	0.0	n/a	0.0	2	None
e010	probe 0	0.0	0.0	0.0	n/a	0.0	2	None
e011	probe 0	0.0	0.0	0.0	n/a	0.0	2	None
e012	probe 0	0.0	0.0	0.0	n/a	0.0	3	None
e013	probe 0	0.0	0.0	0.0	n/a	0.0	3	None
e014	probe 0	0.0	0.0	0.0	n/a	0.0	3	None
e015	probe 0	0.0	0.0	0.0	n/a	0.0	3	None
e016	probe 0	0.0	0.0	0.0	n/a	0.0	4	None
e017	probe 0	0.0	0.0	0.0	n/a	0.0	4	None
e018	probe 0	0.0	0.0	0.0	n/a	0.0	4	None
e019	probe 0	0.0	0.0	0.0	n/a	0.0	4	None
e020	probe 0	0.0	0.0	0.0	n/a	0.0	5	None
e021	probe 0	0.0	0.0	0.0	n/a	0.0	5	None
e022	probe 0	0.0	0.0	0.0	n/a	0.0	5	None
e023	probe 0	0.0	0.0	0.0	n/a	0.0	5	None
e024	probe 0	0.0	0.0	0.0	n/a	0.0	6	None
e025	probe 0	0.0	0.0	0.0	n/a	0.0	6	None
e026	probe 0	0.0	0.0	0.0	n/a	0.0	6	None
e027	probe 0	0.0	0.0	0.0	n/a	0.0	6	None
e028	probe 0	0.0	0.0	0.0	n/a	0.0	7	None
e029	probe 0	0.0	0.0	0.0	n/a	0.0	7	None
e030	probe 0	0.0	0.0	0.0	n/a	0.0	7	None
e031	probe 0	0.0	0.0	0.0	n/a	0.0	7	None
e032	probe 0	0.0	0.0	0.0	n/a	0.0	8	None
e033	probe 0	0.0	0.0	0.0	n/a	0.0	8	None
e034	probe 0	0.0	0.0	0.0	n/a	0.0	8	None
e035	probe 0	0.0	0.0	0.0	n/a	0.0	8	None
e036	probe 0	0.0	0.0	0.0	n/a	0.0	9	None
e037	probe 0	0.0	0.0	0.0	n/a	0.0	9	None
e038	probe 0	0.0	0.0	0.0	n/a	0.0	9	None
e039	probe 0	0.0	0.0	0.0	n/a	0.0	9	None
e040	probe 0	0.0	0.0	0.0	n/a	0.0	10	None
e041	probe 0	0.0	0.0	0.0	n/a	0.0	10	None
e042	probe 0	0.0	0.0	0.0	n/a	0.0	10	None
e043	probe 0	0.0	0.0	0.0	n/a	0.0	10	None
e044	probe 0	0.0	0.0	0.0	n/a	0.0	11	None
e045	probe 0	0.0	0.0	0.0	n/a	0.0	11	None
e046	probe 0	0.0	0.0	0.0	n/a	0.0	11	None
e047	probe 0	0.0	0.0	0.0	n/a	0.0	11	None
e048	probe 0	0.0	0.0	0.0	n/a	0.0	12	None
e049	probe 0	0.0	0.0	0.0	n/a	0.0	12	None
e050	probe 0	0.0	0.0	0.0	n/a	0.0	12	None
e051	probe 0	0.0	0.0	0.0	n/a	0.0	12	None
e052	probe 0	0.0	0.0	0.0	n/a	0.0	13	None
e053	probe 0	0.0	0.0	0.0	n/a	0.0	13	None
e054	probe 0	0.0	0.0	0.0	n/a	0.0	13	None
e055	probe 0	0.0	0.0	0.0	n/a	0.0	13	None
e056	probe 0	0.0	0.0	0.0	n/a	0.0	14	None
e057	probe 0	0.0	0.0	0.0	n/a	0.0	14	None
e058	probe 0	0.0	0.0	0.0	n/a	0.0	14	None
e059	probe 0	0.0	0.0	0.0	n/a	0.0	14	None
e060	probe 0	0.0	0.0	0.0	n/a	0.0	15	None
e061	probe 0	0.0	0.0	0.0	n/a	0.0	15	None
e062	probe 0	0.0	0.0	0.0	n/a	0.0	15	None
e063	probe 0	0.0	0.0	0.0	n/a	0.0	15	None
e064	probe 0	0.0	0.0	0.0	n/a	0.0	16	None
e065	probe 0	0.0	0.0	0.0	n/a	0.0	16	None
e066	probe 0	0.0	0.0	0.0	n/a	0.0	16	None
e067	probe 0	0.0	0.0	0.0	n/a	0.0	16	None
e068	probe 0	0.0	0.0	0.0	n/a	0.0	17	None
e069	probe 0	0.0	0.0	0.0	n/a	0.0	17	None
e070	probe 0	0.0	0.0	0.0	n/a	0.0	17	None
e071	probe 0	0.0	0.0	0.0	n/a	0.0	17	None
e072	probe 0	0.0	0.0	0.0	n/a	0.0	18	None
e073	probe 0	0.0	0.0	0.0	n/a	0.0	18	None
e074	probe 0	0.0	0.0	0.0	n/a	0.0	18	None
e075	probe 0	0.0	0.0	0.0	n/a	0.0	18	None
e076	probe 0	0.0	0.0	0.0	n/a	0.0	19	None
e077	probe 0	0.0	0.0	0.0	n/a	0.0	19	None
e078	probe 0	0.0	0.0	0.0	n/a	0.0	19	None
e079	probe 0	0.0	0.0	0.0	n/a	0.0	19	None
e080	probe 0	0.0	0.0	0.0	n/a	0.0	20	None
e081	probe 0	0.0	0.0	0.0	n/a	0.0	20	None
e082	probe 0	0.0	0.0	0.0	n/a	0.0	20	None
e083	probe 0	0.0	0.0	0.0	n/a	0.0	20	None
e084	probe 0	0.0	0.0	0.0	n/a	0.0	21	None
e085	probe 0	0.0	0.0	0.0	n/a	0.0	21	None
e086	probe 0	0.0	0.0	0.0	n/a	0.0	21	None
e087	probe 0	0.0	0.0	0.0	n/a	0.0	21	None
e088	probe 0	0.0	0.0	0.0	n/a	0.0	22	None
e089	probe 0	0.0	0.0	0.0	n/a	0.0	22	None
e090	probe 0	0.0	0.0	0.0	n/a	0.0	22	None
e091	probe 0	0.0	0.0	0.0	n/a	0.0	22	None
e092	probe 0	0.0	0.0	0.0	n/a	0.0	23	None
e093	probe 0	0.0	0.0	0.0	n/a	0.0	23	None
e094	probe 0	0.0	0.0	0.0	n/a	0.0	23	None
e095	probe 0	0.0	0.0	0.0	n/a	0.0	23	None
e096	probe 0	0.0	0.0	0.0	n/a	0.0	24	None
e097	probe 0	0.0	0.0	0.0	n/a	0.0	24	None
e098	probe 0	0.0	0.0	0.0	n/a	0.0	24	None
e099	probe 0	0.0	0.0	0.0	n/a	0.0	24	None
e100	probe 0	0.0	0.0	0.0	n/a	0.0	25	None
e101	probe 0	0.0	0.0	0.0	n/a	0.0	25	None
e102	probe 0	0.0	0.0	0.0	n/a	0.0	25	None
e103	probe 0	0.0	0.0	0.0	n/a	0.0	25	None
e104	probe 0	0.0	0.0	0.0	n/a	0.0	26	None
e105	probe 0	0.0	0.0	0.0	n/a	0.0	26	None
e106	probe 0	0.0	0.0	0.0	n/a	0.0	26	None
e107	probe 0	0.0	0.0	0.0	n/a	0.0	26	None
e108	probe 0	0.0	0.0	0.0	n/a	0.0	27	None
e109	probe 0	0.0	0.0	0.0	n/a	0.0	27	None
e110	probe 0	0.0	0.0	0.0	n/a	0.0	27	None
e111	probe 0	0.0	0.0	0.0	n/a	0.0	27	None
e112	probe 0	0.0	0.0	0.0	n/a	0.0	28	None
e113	probe 0	0.0	0.0	0.0	n/a	0.0	28	None
e114	probe 0	0.0	0.0	0.0	n/a	0.0	28	None
e115	probe 0	0.0	0.0	0.0	n/a	0.0	28	None
e116	probe 0	0.0	0.0	0.0	n/a	0.0	29	None
e117	probe 0	0.0	0.0	0.0	n/a	0.0	29	None
e118	probe 0	0.0	0.0	0.0	n/a	0.0	29	None
e119	probe 0	0.0	0.0	0.0	n/a	0.0	29	None
e120	probe 0	0.0	0.0	0.0	n/a	0.0	30	None
e121	probe 0	0.0	0.0	0.0	n/a	0.0	30	None
e122	probe 0	0.0	0.0	0.0	n/a	0.0	30	None
e123	probe 0	0.0	0.0	0.0	n/a	0.0	30	None
e124	probe 0	0.0	0.0	0.0	n/a	0.0	31	None
e125	probe 0	0.0	0.0	0.0	n/a	0.0	31	None
e126	probe 0	0.0	0.0	0.0	n/a	0.0	31	None
e127	probe 0	0.0	0.0	0.0	n/a	0.0	31	None
